Year,State,<1,1-4,5-9,10-14,15-19,20-24,25-44,45-49,50-59,60-64,65+,Total
2003,Aguascalientes,0.0,0.0,0.0,0.0,1.89,8.16,13.66,41.11,73.6,92.2,51.84,23.81
2003,Baja California,0.0,0.0,0.0,0.0,5.31,6.1,20.23,49.22,93.97,98.73,73.05,30.2
2003,Baja California Sur,0.0,0.0,0.0,0.0,0.0,4.55,9.01,34.17,13.54,21.11,81.64,14.11
2003,Campeche,0.0,0.0,2.42,0.0,0.0,2.76,2.74,11.52,8.63,12.86,5.95,4.41
2003,Coahuila,0.0,0.0,0.0,0.8,1.73,4.42,6.72,14.51,22.06,13.14,16.86,8.96
2003,Colima,0.0,0.0,0.0,0.0,0.0,7.17,9.04,46.82,29.92,14.75,32.1,14.26
2003,Chiapas,0.0,0.0,0.0,0.0,0.0,1.85,10.1,19.46,23.1,30.57,18.86,9.83
2003,Chihuahua,0.0,0.0,0.0,0.59,0.64,3.39,11.37,34.48,54.84,57.0,45.27,19.05
2003,Distrito Federal,0.0,0.0,0.0,0.0,0.0,0.99,10.35,38.14,29.82,53.12,32.41,16.51
2003,Durango,0.0,0.0,0.0,0.0,0.0,1.34,12.73,25.13,17.62,20.7,31.82,12.53
2003,Guanajuato,0.0,0.0,0.0,0.0,0.0,1.59,2.97,9.72,16.58,19.64,8.85,4.99
2003,Guerrero,0.0,0.0,0.0,0.0,1.13,0.66,0.72,4.2,2.91,5.09,2.16,1.52
2003,Hidalgo,0.0,0.0,0.0,0.0,0.0,0.0,2.63,1.7,7.3,6.82,0.0,2.2
2003,Jalisco,0.0,0.0,0.0,0.56,0.87,1.55,11.71,44.11,49.92,50.78,37.39,19.02
2003,México,0.0,0.0,0.0,0.14,0.98,1.59,4.64,17.45,19.24,15.25,16.91,7.11
2003,Michoacán,0.0,0.0,0.0,0.0,0.0,0.47,7.73,22.79,23.64,32.51,22.68,10.28
2003,Morelos,0.0,0.0,0.0,0.0,0.0,2.53,3.17,20.5,31.68,28.15,15.78,8.79
2003,Nayarit,0.0,0.0,0.0,0.0,1.96,0.0,15.96,46.16,43.5,55.04,49.4,21.32
2003,Nuevo León,0.0,0.0,0.0,1.06,0.54,4.73,14.81,43.78,50.1,49.32,52.98,21.87
2003,Oaxaca,0.0,0.0,0.0,0.0,0.0,1.66,5.23,17.74,12.63,16.38,10.14,6.35
2003,Puebla,0.0,0.0,0.0,0.0,1.03,0.38,6.64,38.6,21.08,25.92,30.0,11.15
2003,Querétaro,0.0,0.0,0.0,0.0,0.0,1.28,4.68,19.78,13.08,32.52,19.91,7.02
2003,Quintana Roo,0.0,0.0,0.0,0.0,0.0,0.0,3.63,14.52,24.84,0.0,16.51,5.16
2003,San Luis Potosí,0.0,0.0,0.0,0.0,2.37,4.51,17.75,65.63,52.76,42.04,66.05,25.96
2003,Sinaloa,0.0,0.0,0.0,0.0,0.0,2.28,5.55,13.46,32.18,36.5,20.84,9.78
2003,Sonora,0.0,0.0,0.0,0.84,3.55,1.82,12.4,30.94,48.27,48.48,60.73,19.79
2003,Tabasco,0.0,0.0,0.0,0.0,0.0,0.0,0.99,15.13,21.83,10.07,24.01,5.13
2003,Tamaulipas,0.0,0.0,0.0,0.0,1.42,2.13,17.25,42.78,55.72,55.12,34.55,21.4
2003,Tlaxcala,0.0,0.0,0.0,0.0,0.0,0.0,0.64,0.0,3.14,8.81,0.0,0.84
2003,Veracruz,0.0,0.0,0.0,0.0,0.0,2.04,5.79,18.45,30.51,30.91,23.66,10.58
2003,Yucatán,0.0,0.0,0.0,1.08,0.0,0.0,1.56,9.06,10.65,13.04,5.52,3.55
2003,Zacatecas,0.0,0.0,0.0,0.0,0.0,1.44,15.11,28.5,40.81,43.93,25.97,16.22
2003,TOTAL GLOBAL,0.0,0.0,0.02,0.16,0.7,1.88,8.22,26.71,30.5,33.84,27.32,12.26
2004,Aguascalientes,0.0,0.0,0.0,0.0,1.86,2.01,36.25,109.7,93.22,88.32,88.5,42.48
2004,Baja California,0.0,0.0,0.0,0.0,0.74,4.48,14.4,32.24,70.7,55.68,62.33,21.67
2004,Baja California Sur,0.0,0.0,0.0,0.0,0.0,0.0,12.49,16.04,44.44,40.08,38.87,14.83
2004,Campeche,0.0,0.0,0.0,0.0,0.0,2.71,8.89,21.97,24.6,61.92,74.5,15.19
2004,Coahuila,0.0,0.0,0.0,0.79,0.86,2.66,9.14,21.6,32.26,25.39,27.95,12.76
2004,Colima,0.0,0.0,0.0,0.0,0.0,0.0,5.55,38.26,33.18,28.31,24.81,11.53
2004,Chiapas,0.0,0.0,0.0,0.0,0.0,3.19,7.51,28.41,21.22,17.15,22.8,9.27
2004,Chihuahua,0.0,0.0,0.0,1.16,0.62,1.34,14.41,30.38,70.57,71.99,56.46,23.11
2004,Distrito Federal,0.0,0.0,0.0,0.0,0.0,1.5,10.7,36.14,40.31,44.52,29.77,17.36
2004,Durango,0.0,0.0,0.0,0.0,0.0,1.33,8.51,18.83,15.14,25.36,13.15,8.6
2004,Guanajuato,0.0,0.0,0.0,0.35,0.37,0.4,4.36,20.36,17.75,24.29,7.16,6.43
2004,Guerrero,0.0,0.0,0.0,0.0,0.0,1.95,1.66,2.71,1.88,2.5,6.27,1.96
2004,Hidalgo,0.0,0.0,0.0,0.75,0.0,0.89,1.44,3.27,1.17,9.91,2.79,1.8
2004,Jalisco,0.0,0.0,0.0,0.28,0.87,2.46,15.29,50.16,65.07,71.18,49.52,25.01
2004,México,0.0,0.0,0.0,0.27,0.14,0.57,4.41,9.05,13.58,13.89,10.22,5.23
2004,Michoacán,0.0,0.0,0.0,0.0,0.0,0.0,8.93,28.05,20.78,22.44,22.05,10.39
2004,Morelos,0.0,0.0,0.0,1.13,0.0,1.25,4.67,6.54,28.63,18.22,24.71,8.6
2004,Nayarit,0.0,0.0,0.0,0.0,1.97,0.0,13.54,20.31,33.55,61.28,25.51,15.43
2004,Nuevo León,0.0,0.0,0.0,0.52,1.61,3.16,20.51,55.16,60.11,58.54,51.69,27.07
2004,Oaxaca,0.0,0.0,0.0,0.46,0.48,0.0,3.08,10.31,6.13,2.01,1.63,2.92
2004,Puebla,0.0,0.0,0.0,0.64,0.68,1.12,7.89,49.99,29.34,22.27,27.82,13.27
2004,Querétaro,0.0,0.0,0.0,0.0,0.0,0.0,11.96,8.01,49.47,18.72,41.06,13.61
2004,Quintana Roo,0.0,0.0,0.0,0.0,0.0,0.0,2.31,0.0,7.64,0.0,0.0,1.74
2004,San Luis Potosí,0.0,0.0,0.0,0.0,1.57,0.89,34.43,90.5,104.28,85.39,69.08,41.58
2004,Sinaloa,0.0,0.0,0.0,0.0,0.73,3.04,15.86,35.95,50.37,61.74,41.44,20.57
2004,Sonora,0.0,0.0,0.0,0.0,0.88,11.82,16.64,49.78,46.02,53.61,41.37,24.62
2004,Tabasco,0.0,0.0,0.0,0.0,0.0,0.96,0.97,18.47,9.55,4.86,11.48,3.71
2004,Tamaulipas,0.0,0.0,0.0,0.0,0.0,0.0,12.68,48.34,46.95,45.87,56.03,19.94
2004,Tlaxcala,0.0,0.0,0.0,0.0,0.0,0.0,1.87,3.97,5.97,8.56,0.0,1.9
2004,Veracruz,0.0,0.0,0.0,0.26,1.35,2.32,7.51,20.9,25.23,25.21,23.22,11.05
2004,Yucatán,0.0,0.0,0.0,0.0,0.0,0.0,1.14,2.2,2.93,4.19,0.0,1.11
2004,Zacatecas,0.0,0.0,0.0,0.0,0.0,1.45,9.63,27.51,31.32,43.16,25.29,13.03
2004,TOTAL GLOBAL,0.0,0.0,0.0,0.25,0.47,1.63,9.6,28.62,33.47,33.98,28.02,13.53
2005,Aguascalientes,0.0,0.0,0.0,0.0,0.0,0.0,9.96,29.94,35.95,16.9,33.39,13.07
2005,Baja California,0.0,0.0,0.0,0.68,4.31,10.23,13.11,38.3,36.31,95.95,32.84,19.32
2005,Baja California Sur,0.0,0.0,0.0,4.17,0.0,0.0,8.51,15.11,41.64,19.02,92.45,16.06
2005,Campeche,0.0,0.0,0.0,0.0,0.0,0.0,0.87,26.26,0.0,0.0,5.52,2.65
2005,Coahuila,0.0,0.0,0.0,1.57,0.0,0.0,6.5,8.88,30.86,39.86,14.12,9.82
2005,Colima,0.0,0.0,0.0,0.0,0.0,0.0,6.54,18.3,36.01,13.57,17.95,9.86
2005,Chiapas,0.0,0.0,0.0,0.0,0.41,0.45,4.76,9.41,8.55,9.42,20.63,5.09
2005,Chihuahua,0.0,0.0,0.0,0.57,0.0,3.29,9.8,16.67,23.83,18.59,23.25,11.04
2005,Distrito Federal,0.0,0.0,0.0,0.0,0.0,1.27,15.73,46.43,51.25,45.23,39.13,22.9
2005,Durango,0.0,0.0,0.0,0.0,0.0,1.33,4.86,12.98,14.61,19.87,19.03,6.99
2005,Guanajuato,0.0,0.0,0.0,0.0,0.37,0.0,3.5,17.96,14.07,13.47,10.42,5.42
2005,Guerrero,0.0,0.0,0.0,0.5,3.91,3.86,3.75,10.51,19.04,17.16,8.09,6.81
2005,Hidalgo,0.0,0.0,0.0,0.0,0.0,0.0,1.42,3.14,5.58,0.0,6.75,2.0
2005,Jalisco,0.0,0.0,0.29,0.85,1.16,3.67,19.05,83.52,83.24,78.79,62.3,32.43
2005,México,0.0,0.0,0.0,0.0,0.14,0.43,3.98,11.81,18.09,19.23,10.04,5.88
2005,Michoacán,0.0,0.0,0.0,0.0,0.0,0.47,3.26,16.51,25.42,16.44,14.3,6.98
2005,Morelos,0.0,0.0,0.0,0.0,0.0,0.0,2.68,6.29,9.09,0.0,7.33,3.24
2005,Nayarit,0.0,0.0,0.0,0.0,1.99,4.19,7.7,47.34,37.69,37.29,24.7,15.18
2005,Nuevo León,0.0,0.0,0.0,0.0,1.07,4.23,15.38,39.16,48.3,75.84,48.78,22.83
2005,Oaxaca,0.0,0.0,0.0,0.0,0.0,1.6,6.84,17.8,17.06,11.8,7.11,7.04
2005,Puebla,0.0,0.0,0.0,0.32,0.68,0.0,5.86,27.74,16.91,10.11,19.32,8.29
2005,Querétaro,0.0,0.0,0.0,0.0,0.0,1.25,13.22,40.49,33.06,47.85,50.03,16.79
2005,Quintana Roo,0.0,0.0,0.0,0.0,0.0,0.0,0.55,0.0,3.53,0.0,7.17,0.83
2005,San Luis Potosí,0.0,0.0,0.0,0.0,0.0,1.77,32.23,88.96,83.38,86.54,68.08,53.34
2005,Sinaloa,0.0,0.0,0.0,0.7,3.64,1.52,21.2,49.94,68.87,56.83,69.44,28.47
2005,Sonora,0.0,0.0,0.0,0.0,0.87,2.71,10.1,34.31,36.14,42.1,29.39,17.83
2005,Tabasco,0.0,0.0,0.0,0.0,0.0,0.95,0.31,1.96,6.03,0.0,4.4,1.26
2005,Tamaulipas,0.0,0.0,0.0,0.0,0.0,0.7,12.77,55.78,51.92,54.4,49.4,21.12
2005,Tlaxcala,0.0,0.0,0.0,0.0,0.0,0.0,0.61,3.77,11.35,0.0,0.0,1.58
2005,Veracruz,0.0,0.0,0.0,0.0,0.54,2.32,6.89,15.81,35.13,45.24,33.14,13.21
2005,Yucatán,0.0,0.0,0.0,0.0,0.0,0.0,0.0,0.0,5.64,0.0,5.2,1.08
2005,Zacatecas,0.0,0.0,0.0,0.0,0.0,0.0,9.52,26.6,14.18,10.59,12.31,8.92
2005,TOTAL GLOBAL,0.0,0.0,0.02,0.2,0.62,1.56,8.85,28.31,32.82,33.82,27.5,13.53
2006,Aguascalientes,0.0,0.0,0.0,0.0,0.0,1.96,8.54,32.26,34.12,24.22,82.2,16.73
2006,Baja California,0.0,0.0,0.0,0.67,1.4,10.01,14.34,19.97,37.97,37.72,49.84,17.69
2006,Baja California Sur,0.0,0.0,0.0,0.0,0.0,0.0,7.1,64.35,55.68,18.03,17.58,15.54
2006,Campeche,0.0,0.0,0.0,0.0,0.0,2.63,13.49,15.11,40.64,45.72,21.23,14.38
2006,Coahuila,0.0,1.11,0.0,0.0,0.0,0.0,9.85,34.14,34.59,26.64,28.45,14.1
2006,Colima,0.0,0.0,0.0,0.0,0.0,3.46,5.36,35.16,17.09,26.0,23.06,10.11
2006,Chiapas,0.0,0.0,0.0,0.0,0.8,1.33,6.63,22.1,17.02,27.17,19.7,8.3
2006,Chihuahua,0.0,0.0,0.0,0.0,3.0,7.13,25.0,67.78,66.54,101.28,63.61,33.5
2006,Distrito Federal,0.0,0.0,0.0,0.0,0.79,2.83,12.52,50.98,60.08,73.7,50.5,25.91
2006,Durango,0.0,0.0,0.0,0.0,0.0,1.33,10.46,10.06,17.59,34.03,4.09,8.7
2006,Guanajuato,0.0,0.0,0.0,0.0,0.0,0.4,6.12,14.18,23.01,27.73,16.84,8.24
2006,Guerrero,0.0,0.0,0.0,0.0,0.56,0.0,3.93,17.9,13.13,16.81,8.81,5.7
2006,Hidalgo,0.0,0.0,0.0,0.0,1.59,0.88,0.84,9.08,5.34,9.27,3.92,2.65
2006,Jalisco,0.0,0.41,0.0,0.28,0.87,3.66,14.05,66.76,67.2,86.83,61.75,27.9
2006,México,0.0,0.0,0.0,0.0,0.0,1.28,3.04,10.58,10.84,13.15,10.4,4.62
2006,Michoacán,0.0,0.0,0.0,0.0,0.0,1.41,10.59,42.51,40.0,46.34,30.61,16.11
2006,Morelos,0.0,0.0,0.0,2.26,2.34,4.95,6.78,8.09,17.31,29.84,17.68,9.36
2006,Nayarit,0.0,0.0,0.0,0.0,0.0,2.1,11.02,34.59,41.46,7.25,23.91,14.37
2006,Nuevo León,0.0,0.0,0.51,0.51,1.59,3.17,21.2,86.51,71.81,79.91,57.73,33.2
2006,Oaxaca,0.0,0.0,0.0,0.0,0.49,0.53,6.5,24.92,16.51,15.4,9.18,7.67
2006,Puebla,0.0,0.0,0.0,0.0,0.34,1.46,10.37,54.31,32.93,39.25,39.69,17.03
2006,Querétaro,0.0,0.0,0.0,0.0,0.0,0.0,11.3,45.72,34.83,91.6,65.8,18.9
2006,Quintana Roo,0.0,0.0,0.0,0.0,0.0,0.0,7.44,18.98,16.25,11.56,13.36,7.11
2006,San Luis Potosí,0.0,0.0,0.0,0.0,1.56,2.64,39.08,82.87,102.24,81.47,71.99,43.32
2006,Sinaloa,0.0,0.0,0.0,0.0,1.45,2.29,16.08,25.52,36.71,54.91,40.82,18.61
2006,Sonora,0.0,0.0,0.0,0.0,0.0,0.9,10.18,34.45,23.95,28.14,46.54,14.61
2006,Tabasco,0.0,0.0,0.0,0.0,0.0,0.95,2.46,11.23,7.13,13.48,6.31,3.54
2006,Tamaulipas,0.0,0.0,2.03,0.0,1.37,4.85,12.5,46.34,59.62,76.74,60.1,23.95
2006,Tlaxcala,0.0,0.0,0.0,0.0,0.0,0.0,2.36,0.0,10.76,8.02,6.34,2.83
2006,Veracruz,0.0,0.0,0.0,0.52,0.82,1.74,9.59,19.21,25.7,14.64,28.35,12.02
2006,Yucatán,0.0,0.0,0.0,0.0,0.0,0.0,10.88,20.79,39.43,42.74,47.11,16.31
2006,Zacatecas,0.0,0.0,0.0,0.0,1.35,1.46,6.6,25.78,11.77,5.2,2.0,6.48
2006,TOTAL GLOBAL,0.0,0.05,0.08,0.13,0.65,2.1,10.3,34.39,35.88,42.27,34.05,15.64
2007,Aguascalientes,0.0,0.0,0.0,6.68,3.54,0.0,12.84,61.53,60.8,54.64,53.72,23.65
2007,Baja California,0.0,0.0,0.0,0.72,1.49,2.25,10.08,40.39,40.17,33.47,23.21,14.91
2007,Baja California Sur,0.0,0.0,0.0,0.0,0.0,0.0,4.65,21.0,27.09,17.67,53.78,10.39
2007,Campeche,0.0,0.0,0.0,0.0,0.0,0.0,4.11,14.82,7.15,54.73,10.52,6.16
2007,Coahuila,0.0,0.0,0.0,0.0,0.84,5.4,13.93,44.77,49.27,61.72,41.17,21.49
2007,Colima,0.0,0.0,0.0,0.0,0.0,0.0,16.33,35.84,94.63,77.61,46.1,26.88
2007,Chiapas,0.0,0.0,0.0,0.38,0.4,1.35,3.71,17.13,14.63,8.33,16.1,5.71
2007,Chihuahua,0.0,0.0,0.0,0.0,1.31,0.71,18.87,55.92,49.65,67.92,45.37,24.64
2007,Distrito Federal,0.0,0.0,0.0,0.0,0.27,1.29,22.58,69.01,91.09,117.79,72.14,39.94
2007,Durango,0.0,0.0,0.0,0.0,1.27,0.0,9.31,26.79,17.21,19.22,19.29,10.36
2007,Guanajuato,0.0,0.0,0.0,0.0,0.0,0.41,6.89,21.52,18.77,25.49,16.82,8.71
2007,Guerrero,0.0,0.77,0.0,0.0,0.0,0.68,3.5,6.37,13.95,9.28,2.94,4.13
2007,Hidalgo,0.0,0.0,0.0,0.0,0.0,0.89,1.89,6.02,6.37,5.96,1.32,2.39
2007,Jalisco,0.0,0.0,0.0,0.29,0.88,2.47,19.72,95.03,75.14,139.08,75.26,36.17
2007,México,0.0,0.0,0.0,0.0,0.0,0.45,2.76,12.33,15.95,21.34,7.19,5.16
2007,Michoacán,0.0,0.0,0.0,0.0,1.85,1.55,7.16,21.51,32.77,30.06,31.23,12.64
2007,Morelos,0.0,0.0,0.0,0.0,1.25,1.34,2.34,8.24,14.28,24.74,19.14,6.38
2007,Nayarit,0.0,0.0,0.0,0.0,0.0,0.0,19.89,41.52,22.96,35.51,28.13,18.03
2007,Nuevo León,0.0,0.0,0.0,1.54,1.06,6.83,20.15,91.97,86.39,127.9,56.53,36.61
2007,Oaxaca,0.0,0.0,0.0,0.48,0.0,1.2,17.4,38.59,32.08,13.09,23.27,16.27
2007,Puebla,0.0,0.0,0.0,0.0,0.34,0.0,11.99,48.56,31.11,40.85,40.75,16.87
2007,Querétaro,0.0,0.0,0.0,0.0,0.0,0.0,10.15,39.17,57.62,21.53,61.36,17.82
2007,Quintana Roo,0.0,0.0,0.0,0.0,0.0,0.0,1.47,17.8,32.32,0.0,6.13,4.8
2007,San Luis Potosí,0.0,0.0,0.0,0.0,0.0,3.54,25.36,101.57,110.11,79.81,75.95,40.29
2007,Sinaloa,0.0,0.0,0.0,0.0,0.78,0.0,16.01,72.12,66.0,67.57,82.76,29.83
2007,Sonora,0.0,0.0,0.0,0.0,0.0,2.87,4.01,20.07,34.95,24.51,11.46,9.53
2007,Tabasco,0.0,0.0,0.0,0.0,0.0,0.0,3.75,9.53,14.33,26.72,12.84,5.41
2007,Tamaulipas,0.0,0.0,0.0,0.0,0.0,0.72,9.41,41.55,58.33,52.28,33.4,18.57
2007,Tlaxcala,0.0,0.0,0.0,0.0,0.0,0.0,4.02,3.53,15.74,23.31,12.67,5.31
2007,Veracruz,0.0,0.0,0.0,0.27,0.55,1.52,25.24,69.78,67.96,72.28,51.24,31.93
2007,Yucatán,0.0,0.0,0.0,0.0,0.0,0.0,13.05,25.93,62.86,48.43,58.44,21.47
2007,Zacatecas,0.0,0.0,0.0,0.0,0.0,0.0,4.91,27.63,31.29,20.78,16.28,9.64
2007,TOTAL GLOBAL,0.0,0.03,0.0,0.22,0.46,1.31,12.06,43.6,46.89,55.74,38.78,13.64
2008,Aguascalientes,0.0,0.0,0.0,0.0,0.0,0.0,10.86,42.46,43.24,7.43,62.23,17.27
2008,Baja California,0.0,0.0,0.0,0.71,1.45,0.74,13.68,37.11,56.46,57.79,36.71,19.72
2008,Baja California Sur,0.0,0.0,0.0,0.0,0.0,0.0,13.57,19.95,40.69,100.08,59.68,19.08
2008,Campeche,0.0,0.0,0.0,0.0,0.0,0.0,7.23,33.25,27.25,31.37,35.43,12.01
2008,Coahuila,0.0,0.0,0.0,3.91,2.49,5.38,13.53,49.81,55.74,84.88,47.88,25.08
2008,Colima,0.0,0.0,0.0,0.0,0.0,0.0,4.28,45.99,53.22,49.5,61.31,18.48
2008,Chiapas,0.0,0.0,0.0,0.0,1.18,1.33,3.62,3.87,14.73,6.04,7.18,4.24
2008,Chihuahua,0.0,0.0,0.0,0.0,1.96,2.83,14.44,37.86,43.7,54.87,57.63,21.74
2008,Distrito Federal,0.0,0.0,0.0,0.3,1.11,2.35,24.31,77.55,105.0,112.64,90.64,45.84
2008,Durango,0.0,0.0,0.0,0.0,0.0,4.28,7.91,16.46,18.19,18.67,31.24,10.56
2008,Guanajuato,0.0,0.0,0.0,0.0,0.0,0.41,3.2,13.32,20.61,24.62,8.49,6.1
2008,Guerrero,3.26,3.2,0.56,0.53,0.57,0.0,4.39,8.68,18.57,15.94,8.63,6.52
2008,Hidalgo,0.0,0.0,0.0,0.0,0.81,0.88,2.66,10.15,15.26,5.76,29.49,6.6
2008,Jalisco,0.0,0.0,0.0,0.0,1.18,2.16,22.7,81.31,82.42,108.46,63.65,35.53
2008,México,0.0,0.0,0.0,0.43,0.29,0.15,2.59,10.89,12.36,10.99,10.71,4.62
2008,Michoacán,0.0,0.0,0.0,0.0,0.94,0.52,6.25,12.74,24.2,39.65,18.09,9.66
2008,Morelos,0.0,0.0,0.0,0.0,0.0,1.33,6.18,15.97,25.97,15.9,20.16,9.65
2008,Nayarit,0.0,0.0,0.0,0.0,0.0,0.0,17.57,33.08,54.12,34.44,63.84,23.53
2008,Nuevo León,0.0,0.0,0.0,0.0,1.58,2.11,19.88,63.35,68.06,67.27,46.04,28.5
2008,Oaxaca,0.0,0.76,0.0,0.0,0.0,2.97,17.8,57.5,60.18,31.14,46.82,24.41
2008,Puebla,0.0,0.0,0.0,0.0,0.68,0.0,8.79,47.63,38.33,40.85,32.75,15.72
2008,Querétaro,0.0,0.0,0.0,0.0,0.0,0.0,10.24,46.03,52.73,61.44,32.93,17.47
2008,Quintana Roo,0.0,0.0,0.0,0.0,0.0,0.0,4.2,6.62,16.35,28.28,11.4,5.02
2008,San Luis Potosí,0.0,0.0,0.0,0.0,0.0,0.87,34.38,90.67,112.12,106.55,83.34,45.2
2008,Sinaloa,0.0,0.0,0.0,0.0,1.57,2.59,34.93,80.55,103.69,96.55,91.6,45.76
2008,Sonora,0.0,0.0,0.0,0.0,2.66,0.95,6.62,55.52,29.45,35.42,42.69,16.21
2008,Tabasco,0.0,0.0,0.0,0.0,0.0,0.0,3.69,18.32,16.36,21.36,18.54,6.55
2008,Tamaulipas,0.0,0.0,0.0,0.0,0.0,2.88,10.46,29.89,45.39,50.58,55.1,18.9
2008,Tlaxcala,0.0,0.0,0.0,0.0,0.0,0.0,1.68,6.76,4.99,14.97,9.2,2.96
2008,Veracruz,0.0,0.0,0.0,0.27,0.0,2.73,25.23,57.69,68.1,100.38,56.74,33.06
2008,Yucatán,0.0,0.0,0.0,0.0,0.0,1.1,10.34,31.03,41.67,53.6,87.22,21.43
2008,Zacatecas,0.0,0.0,0.0,0.0,0.0,0.0,10.71,40.0,49.04,86.59,29.75,18.87
2008,TOTAL GLOBAL,0.11,0.13,0.02,0.23,0.67,1.34,12.76,41.05,49.75,55.98,44.46,14.63
2009,Aguascalientes,0.0,0.0,0.0,0.0,0.0,3.74,9.53,25.03,59.23,49.44,43.32,12.44
2009,Baja California,0.0,0.0,0.0,0.0,0.71,2.16,12.33,49.41,76.95,93.26,66.91,18.37
2009,Baja California Sur,0.0,0.0,0.0,0.0,0.0,0.0,2.21,25.35,66.9,31.46,0.0,8.18
2009,Campeche,0.0,0.0,0.0,0.0,0.0,0.0,8.64,9.15,12.98,9.98,24.33,5.72
2009,Coahuila,0.0,0.0,0.0,0.0,1.64,2.67,26.06,124.63,100.11,198.75,89.6,35.58
2009,Colima,0.0,0.0,0.0,0.0,0.0,0.0,5.26,22.19,42.86,71.01,21.54,10.02
2009,Chiapas,0.0,0.0,0.39,0.0,0.0,0.0,1.69,8.38,9.4,9.73,4.9,2.01
2009,Chihuahua,0.0,0.85,0.62,0.0,1.3,2.81,20.75,51.58,72.55,80.8,63.03,22.1
2009,Distrito Federal,0.0,0.0,0.0,0.0,0.28,3.19,22.67,56.95,97.69,114.23,80.6,33.29
2009,Durango,0.0,0.0,0.0,0.0,0.0,1.42,4.79,13.65,23.81,45.31,14.16,6.34
2009,Guanajuato,0.0,0.0,0.0,0.0,0.38,0.81,6.43,13.57,25.3,25.24,15.23,6.2
2009,Guerrero,0.0,0.82,0.0,0.0,0.57,0.67,5.04,18.14,16.32,22.33,29.05,6.2
2009,Hidalgo,0.0,0.0,0.0,0.0,0.0,0.0,2.89,11.2,5.85,5.57,12.41,2.93
2009,Jalisco,0.0,0.0,0.0,0.29,0.59,3.39,21.01,70.95,66.47,81.9,58.26,22.4
2009,México,0.0,0.0,0.0,0.0,0.0,0.0,1.94,5.01,8.94,7.33,9.7,2.34
2009,Michoacán,0.0,0.0,0.0,0.0,0.0,1.04,10.07,37.25,38.32,31.88,32.72,11.38
2009,Morelos,0.0,0.0,0.0,0.0,0.0,0.0,6.89,17.46,23.56,38.24,22.72,8.05
2009,Nayarit,0.0,0.0,0.0,0.0,0.0,0.0,15.31,43.04,45.07,40.07,23.64,13.73
2009,Nuevo León,0.0,0.0,0.0,0.0,0.0,4.21,21.58,95.6,84.22,118.33,70.97,28.05
2009,Oaxaca,0.0,0.0,0.0,0.5,0.0,3.52,21.72,43.93,49.62,37.65,43.39,17.0
2009,Puebla,0.0,0.0,0.0,0.33,0.34,0.0,10.37,56.66,39.1,45.87,39.18,12.77
2009,Querétaro,0.0,0.0,0.0,0.0,0.0,3.55,13.19,68.96,65.3,87.56,92.4,19.8
2009,Quintana Roo,0.0,0.0,0.0,0.0,0.0,2.97,3.57,6.17,15.17,0.0,5.3,2.91
2009,San Luis Potosí,0.0,0.0,0.0,0.0,0.0,1.73,26.08,69.08,75.81,53.25,48.61,22.07
2009,Sinaloa,0.0,0.0,0.0,0.0,0.0,3.45,17.42,59.55,66.21,55.4,56.5,20.19
2009,Sonora,0.0,0.0,0.0,0.0,0.0,3.8,7.88,78.15,46.92,45.43,45.04,15.59
2009,Tabasco,0.0,0.0,0.0,0.0,0.0,0.0,1.82,14.12,32.44,49.1,23.79,6.04
2009,Tamaulipas,0.0,0.0,0.0,0.0,0.0,1.44,11.49,38.31,63.87,79.98,51.16,16.8
2009,Tlaxcala,0.0,0.0,0.0,0.0,1.75,0.0,2.19,6.49,23.68,21.59,11.89,4.1
2009,Veracruz,0.0,0.8,0.0,0.55,0.55,3.32,24.35,72.61,73.5,92.26,65.24,25.97
2009,Yucatán,0.0,0.0,0.0,0.0,0.0,4.36,15.17,52.8,42.65,44.56,43.71,15.82
2009,Zacatecas,0.0,0.0,0.0,0.0,2.81,1.54,22.72,74.84,65.38,99.79,63.85,23.56
2009,TOTAL GLOBAL,0.0,0.11,0.04,0.09,0.31,1.78,12.87,44.2,50.92,60.58,44.95,15.41
2010,Aguascalientes,0.0,0.0,1.69,0.0,0.0,0.0,15.4,39.04,47.54,60.42,70.6,15.93
2010,Baja California,0.0,0.0,0.0,0.0,0.0,2.11,17.45,38.1,77.66,101.49,78.09,20.56
2010,Baja California Sur,0.0,5.28,0.0,0.0,0.0,0.0,7.54,18.16,22.46,0.0,7.7,6.17
2010,Campeche,0.0,0.0,0.0,0.0,0.0,0.0,6.15,26.46,55.72,95.14,65.49,18.4
2010,Coahuila,0.0,0.0,0.0,0.0,4.07,0.88,15.7,77.76,80.74,78.55,40.6,21.59
2010,Colima,0.0,0.0,0.0,0.0,0.0,0.0,5.18,16.09,3.71,11.31,26.0,4.95
2010,Chiapas,0.0,0.0,0.0,0.0,0.78,0.85,8.39,27.84,35.96,45.16,22.47,8.4
2010,Chihuahua,0.0,0.87,0.65,0.61,2.59,4.88,15.25,77.02,65.79,57.63,53.07,20.91
2010,Distrito Federal,0.0,0.42,0.0,0.3,1.45,1.62,20.65,65.91,83.58,101.05,86.19,32.52
2010,Durango,0.0,0.0,0.0,0.0,0.0,0.0,7.79,19.87,22.84,26.36,35.36,8.34
2010,Guanajuato,0.0,0.0,0.0,0.0,0.0,0.41,3.49,9.67,8.23,14.31,6.16,3.01
2010,Guerrero,0.0,0.0,0.0,0.0,0.0,0.66,5.9,17.73,25.24,17.48,25.65,6.76
2010,Hidalgo,0.0,0.0,0.0,0.0,0.0,0.88,2.33,14.91,15.88,13.45,4.81,3.7
2010,Jalisco,0.0,0.0,0.0,0.0,0.6,1.54,27.03,88.41,90.27,127.55,79.84,30.92
2010,México,0.0,0.0,0.0,0.14,0.15,0.0,2.08,7.89,11.97,15.43,8.51,3.06
2010,Michoacán,0.0,0.0,0.0,0.0,0.0,0.52,11.51,32.05,41.02,40.78,20.02,11.45
2010,Morelos,0.0,0.0,0.0,0.0,0.0,0.0,7.59,15.11,31.35,25.71,28.22,9.03
2010,Nayarit,0.0,0.0,0.0,0.0,0.0,2.31,13.8,49.06,27.46,12.94,48.8,13.48
2010,Nuevo León,2.74,0.0,0.0,0.49,0.0,0.0,9.31,34.83,45.84,42.45,32.05,12.56
2010,Oaxaca,0.0,0.0,0.0,0.0,1.02,0.0,13.36,49.03,42.23,57.87,37.97,14.55
2010,Puebla,0.0,0.47,0.0,0.66,0.34,0.0,12.12,70.27,54.0,92.36,53.47,17.73
2010,Querétaro,0.0,0.0,0.0,0.0,0.0,0.0,19.14,49.92,83.66,87.75,81.99,21.68
2010,Quintana Roo,0.0,0.0,0.0,0.0,0.0,1.43,3.85,8.63,25.8,24.44,9.85,4.28
2010,San Luis Potosí,0.0,0.0,0.0,0.0,0.0,0.0,22.55,71.24,79.49,76.28,60.75,23.25
2010,Sinaloa,0.0,0.0,0.0,0.0,2.39,2.59,19.4,47.07,68.7,55.86,45.46,20.16
2010,Sonora,0.0,0.0,0.0,0.0,0.0,0.0,17.23,89.13,60.14,62.71,63.74,21.94
2010,Tabasco,0.0,0.0,0.0,0.0,0.0,0.0,5.98,34.08,35.82,23.48,15.26,7.91
2010,Tamaulipas,0.0,0.0,0.7,0.0,0.7,0.0,4.81,8.2,18.87,6.43,19.36,5.2
2010,Tlaxcala,0.0,0.0,0.0,0.0,0.0,0.0,4.29,12.49,31.51,13.8,14.39,5.56
2010,Veracruz,0.0,0.41,0.3,0.27,1.11,2.1,23.4,62.53,79.02,80.46,69.49,25.93
2010,Yucatán,0.0,0.0,0.0,0.0,1.07,0.0,12.54,40.36,48.25,62.52,40.71,15.11
2010,Zacatecas,0.0,0.0,0.0,0.0,0.0,0.0,7.21,10.02,19.21,34.17,16.99,6.59
2010,TOTAL GLOBAL,0.11,0.13,0.08,0.13,0.6,0.81,12.29,42.29,49.5,57.38,44.05,15.2
2011,Aguascalientes,,,,0.0,0.0,1.81,7.56,77.99,71.8,140.42,37.02,22.49
2011,Baja California,,,,0.0,0.68,1.37,14.96,57.73,65.59,93.8,71.63,23.99
2011,Baja California Sur,,,,0.0,7.99,0.0,12.65,23.18,63.44,41.92,58.51,18.9
2011,Campeche,,,,0.0,0.0,0.0,9.8,12.77,29.55,63.49,44.93,12.52
2011,Coahuila,,,,0.0,0.0,1.75,6.95,21.85,12.58,27.68,3.66,7.03
2011,Colima,,,,0.0,0.0,0.0,7.16,5.2,17.69,32.4,10.03,7.01
2011,Chiapas,,0.56,,0.0,1.16,1.68,6.44,18.23,45.42,36.41,16.12,9.79
2011,Chihuahua,,,0.67,0.0,2.58,2.77,16.35,54.67,86.2,99.51,61.74,28.56
2011,Distrito Federal,,,,0.0,0.59,1.93,16.32,59.74,69.46,79.33,59.99,30.25
2011,Durango,,,,0.0,0.0,2.8,12.03,42.94,52.6,68.06,34.33,18.34
2011,Guanajuato,,,,0.0,0.0,0.41,4.68,15.38,14.37,12.41,16.13,5.86
2011,Guerrero,,,,0.56,1.15,0.0,1.8,6.95,8.38,8.54,7.16,3.01
2011,Hidalgo,,,,0.0,0.0,0.0,5.39,17.08,22.37,36.36,15.1,8.1
2011,Jalisco,,,,0.58,0.6,3.39,22.68,102.61,91.32,121.82,81.02,36.93
2011,México,,0.39,,0.0,0.0,0.89,2.98,17.56,17.99,25.57,17.21,6.51
2011,Michoacán,,,,0.0,0.0,0.53,11.28,39.01,49.09,55.42,33.29,17.12
2011,Morelos,51.57,37.03,9.95,5.03,10.12,6.61,15.43,25.78,64.99,66.96,43.92,28.42
2011,Nayarit,,,,0.0,0.0,2.32,20.53,20.56,39.77,87.63,36.24,20.04
2011,Nuevo León,,,,0.0,0.0,1.57,8.01,40.64,68.14,72.8,55.54,20.67
2011,Oaxaca,,,,0.52,2.07,3.44,9.77,27.48,34.62,42.85,24.43,13.27
2011,Puebla,,0.47,,0.0,0.0,0.36,7.53,53.95,49.84,82.09,54.74,18.64
2011,Querétaro,,,,0.0,0.0,4.62,11.22,63.1,72.08,78.86,136.27,27.33
2011,Quintana Roo,,,,0.0,0.0,0.0,1.64,13.46,10.88,22.75,22.9,3.84
2011,San Luis Potosí,,1.12,,1.5,0.0,0.85,22.82,78.8,86.43,95.21,73.26,32.31
2011,Sinaloa,,,0.89,0.79,1.61,2.59,28.18,55.8,82.15,93.66,68.89,33.44
2011,Sonora,,,,0.0,2.62,0.94,5.45,44.71,20.64,10.46,19.63,9.97
2011,Tabasco,,,,0.0,0.0,1.0,6.5,37.93,28.24,41.1,40.34,11.81
2011,Tamaulipas,,,,0.0,0.0,1.43,5.34,15.83,25.62,24.81,30.84,9.41
2011,Tlaxcala,,,,0.0,0.0,0.0,4.21,12.03,29.96,26.43,5.57,6.48
2011,Veracruz,1.65,,,0.0,1.12,3.59,30.21,106.02,106.08,111.0,74.1,42.17
2011,Yucatán,,,,0.0,1.08,2.15,21.98,76.72,83.04,79.04,71.27,31.65
2011,Zacatecas,,,,0.0,0.0,0.0,5.74,26.82,13.42,23.84,14.75,7.46
2011,TOTAL GLOBAL,0.87,0.68,0.19,0.21,0.73,1.67,11.64,45.37,51.78,62.82,44.42,19.25
2012,Aguascalientes,7.95,0.0,1.61,0.0,0.0,0.0,34.52,155.08,154.34,231.74,210.34,49.58
2012,Baja California,0.0,0.85,0.0,0.0,0.64,2.68,12.65,41.77,56.55,89.69,43.21,16.16
2012,Baja California Sur,0.0,0.0,0.0,0.0,3.25,3.26,20.63,31.35,33.08,11.72,74.83,15.56
2012,Campeche,0.0,0.0,0.0,0.0,0.0,0.0,20.22,70.58,97.92,100.72,83.99,26.53
2012,Coahuila,0.0,0.0,0.0,0.0,4.55,5.75,20.0,55.47,58.02,88.37,79.82,23.14
2012,Colima,0.0,0.0,0.0,0.0,0.0,0.0,9.23,49.59,55.82,29.16,52.52,15.02
2012,Chiapas,0.0,0.0,0.0,0.35,0.73,1.63,10.63,20.79,35.58,28.55,20.13,8.36
2012,Chihuahua,0.0,0.74,0.0,0.59,1.82,1.31,15.33,49.82,49.34,75.86,49.65,17.75
2012,Distrito Federal,0.0,0.0,0.0,0.0,0.85,1.07,14.12,47.66,50.98,60.83,49.92,20.76
2012,Durango,0.0,0.0,0.0,0.0,0.0,0.0,7.51,16.86,26.56,40.24,18.72,7.73
2012,Guanajuato,0.0,0.0,0.0,0.0,0.69,0.75,7.81,42.18,29.03,47.85,14.82,9.25
2012,Guerrero,0.0,0.0,0.0,0.0,0.53,1.83,6.44,16.98,32.39,39.79,26.15,8.29
2012,Hidalgo,0.0,0.0,0.0,0.0,0.0,0.0,4.92,37.2,25.35,23.73,14.96,7.49
2012,Jalisco,0.0,0.0,0.0,0.28,0.28,0.86,24.43,102.32,110.67,142.53,89.81,33.49
2012,México,0.0,0.0,0.0,0.13,0.0,0.28,4.5,17.95,20.55,29.57,18.64,6.25
2012,Michoacán,0.0,0.0,0.0,0.0,0.45,1.41,12.96,36.83,64.02,77.55,34.65,16.06
2012,Morelos,0.0,0.0,0.0,0.0,2.3,0.0,4.19,17.62,34.99,48.94,47.05,10.88
2012,Nayarit,0.0,0.0,0.0,0.0,0.0,5.91,19.76,51.4,54.99,90.65,45.34,19.83
2012,Nuevo León,0.0,0.0,0.0,0.0,0.48,1.47,12.12,35.73,73.77,110.97,53.77,19.89
2012,Oaxaca,0.0,0.0,0.0,0.0,0.5,1.66,11.38,35.27,27.35,33.73,12.64,9.45
2012,Puebla,1.63,0.0,0.0,0.0,0.66,1.06,8.65,53.07,49.16,85.38,60.37,15.99
2012,Querétaro,0.0,0.0,0.0,0.0,0.0,0.0,5.51,16.52,45.22,15.91,23.62,7.95
2012,Quintana Roo,0.0,0.0,0.0,0.0,0.0,1.43,5.31,31.88,46.15,72.31,38.79,9.45
2012,San Luis Potosí,0.0,0.0,0.0,0.74,0.0,1.65,25.37,88.61,89.15,112.91,78.62,28.8
2012,Sinaloa,0.0,0.0,0.0,1.46,2.21,3.18,16.11,55.42,65.84,62.68,67.87,21.26
2012,Sonora,0.0,0.0,1.51,0.77,2.37,0.84,17.14,66.64,93.57,87.48,97.46,26.95
2012,Tabasco,0.0,0.0,1.81,0.0,0.0,0.0,5.7,9.3,33.06,23.3,22.06,6.91
2012,Tamaulipas,0.0,0.82,0.0,0.0,0.0,0.0,7.9,31.5,30.17,40.47,37.45,11.44
2012,Tlaxcala,0.0,0.0,0.0,0.0,0.0,3.53,7.81,40.87,40.21,36.83,35.73,11.25
2012,Veracruz,1.46,0.0,0.0,0.0,0.53,11.46,36.21,108.45,107.73,130.11,73.32,38.29
2012,Yucatán,0.0,0.0,0.0,0.0,2.12,0.0,11.75,53.05,47.92,53.53,33.08,15.22
2012,Zacatecas,0.0,0.0,0.0,0.0,0.0,0.0,6.57,21.26,30.22,31.46,18.46,7.75
2012,TOTAL GLOBAL,0.28,0.07,0.09,0.14,0.67,1.84,13.25,47.49,54.4,69.75,46.93,16.99
2013,Aguascalientes,0.0,0.0,0.0,0.0,0.0,3.43,21.42,110.68,108.21,164.13,115.95,33.04
2013,Baja California,0.0,0.0,0.0,0.0,0.0,1.32,18.43,31.21,71.43,80.61,73.56,20.17
2013,Baja California Sur,0.0,0.0,0.0,0.0,3.17,0.0,13.87,74.44,76.53,54.7,52.92,19.3
2013,Campeche,0.0,0.0,0.0,0.0,0.0,0.0,58.1,264.16,258.38,342.79,191.92,76.25
2013,Coahuila,0.0,0.0,0.0,0.0,0.0,1.61,6.54,30.81,54.43,15.6,44.62,12.27
2013,Colima,0.0,0.0,0.0,0.0,0.0,3.16,15.34,43.14,88.19,55.58,67.39,21.79
2013,Chiapas,0.0,0.0,0.0,0.35,0.72,0.0,9.21,31.23,47.0,56.51,45.52,11.19
2013,Chihuahua,0.0,0.0,0.0,0.0,0.0,1.29,18.67,49.87,97.72,81.92,72.7,24.8
2013,Distrito Federal,0.0,0.0,0.0,0.0,0.58,0.54,12.27,43.73,51.69,58.16,44.41,19.66
2013,Durango,0.0,0.0,0.0,0.0,0.0,0.0,14.82,73.52,79.56,135.46,80.77,24.71
2013,Guanajuato,0.0,0.0,0.0,0.0,0.0,1.47,11.66,41.36,33.01,39.88,20.07,11.03
2013,Guerrero,0.0,0.0,0.0,0.0,0.0,0.0,3.48,13.26,13.32,25.09,20.31,4.85
2013,Hidalgo,0.0,0.0,0.0,0.0,0.0,1.58,4.83,13.16,17.34,36.32,18.4,6.27
2013,Jalisco,0.0,0.0,0.0,0.28,1.12,1.99,27.16,110.88,89.91,141.1,72.41,32.39
2013,México,0.0,0.0,0.0,0.13,0.27,0.0,2.96,15.2,17.15,25.16,16.97,5.2
2013,Michoacán,0.0,0.0,0.0,0.0,0.0,1.4,14.82,51.02,69.28,93.31,51.67,19.78
2013,Morelos,0.0,0.0,0.0,0.0,0.0,1.17,12.38,46.31,49.09,140.27,60.34,20.53
2013,Nayarit,0.0,0.0,0.0,0.0,0.0,1.93,11.35,37.21,47.29,38.05,30.03,13.0
2013,Nuevo León,0.0,0.0,0.0,0.0,0.94,0.0,14.68,42.73,55.99,58.75,52.85,18.09
2013,Oaxaca,0.0,0.0,0.0,0.0,0.5,0.0,11.22,42.8,34.23,42.14,23.03,11.45
2013,Puebla,0.0,0.0,0.0,0.0,0.98,1.4,4.47,41.39,23.19,70.05,28.69,9.67
2013,Querétaro,0.0,0.0,0.0,0.0,0.0,1.08,9.22,29.88,30.82,75.47,19.25,10.31
2013,Quintana Roo,0.0,0.0,0.0,0.0,1.49,0.0,7.89,42.46,58.82,94.11,32.1,12.3
2013,San Luis Potosí,0.0,0.0,0.0,0.0,0.0,0.81,28.29,88.65,103.23,101.62,46.06,28.31
2013,Sinaloa,0.0,0.0,0.0,0.74,1.47,1.57,23.19,64.11,74.85,74.53,60.67,24.68
2013,Sonora,0.0,0.0,0.0,0.0,0.78,1.65,19.76,48.17,49.7,40.49,25.54,16.67
2013,Tabasco,0.0,0.0,0.0,0.0,0.9,0.92,9.64,29.96,32.79,28.4,24.29,9.69
2013,Tamaulipas,0.0,0.0,0.0,0.0,1.32,1.36,10.38,28.52,39.06,55.4,36.96,13.23
2013,Tlaxcala,0.0,0.0,0.0,0.0,3.33,3.48,9.21,11.24,23.12,23.36,32.29,8.58
2013,Veracruz,0.0,0.0,0.0,0.0,2.68,5.67,25.41,69.23,90.19,96.98,66.66,29.85
2013,Yucatán,0.0,0.0,0.0,0.0,1.07,1.06,21.22,75.26,65.14,74.58,77.9,25.52
2013,Zacatecas,0.0,0.0,0.0,0.0,0.0,1.41,6.91,22.9,42.94,13.07,26.29,9.29
2013,TOTAL GLOBAL,0.0,0.0,0.0,0.07,0.67,1.24,13.33,46.45,53.29,67.07,44.43,16.82
2014,Aguascalientes,,,,0.0,0.0,3.38,39.13,96.22,124.04,118.66,132.23,48.38
2014,Baja California,,,,0.0,0.0,0.65,9.19,29.96,41.45,37.17,40.41,14.26
2014,Baja California Sur,,,,0.0,0.0,3.07,15.12,9.43,23.08,51.13,11.08,11.81
2014,Campeche,,,,2.53,0.0,2.4,50.81,243.18,272.2,280.41,202.53,91.75
2014,Coahuila,,,,0.75,0.75,0.79,19.68,65.15,83.62,98.27,60.9,30.49
2014,Colima,,,,0.0,0.0,9.4,36.25,194.82,202.9,220.61,178.38,74.71
2014,Chiapas,,,,0.0,0.0,1.57,8.24,24.7,25.59,32.57,23.03,9.53
2014,Chihuahua,,,,0.0,0.6,1.9,16.45,42.39,85.71,97.75,47.86,26.84
2014,Distrito Federal,,,,0.0,0.88,1.38,16.46,47.31,77.01,68.08,54.85,30.48
2014,Durango,,,,0.0,0.0,1.27,14.27,85.22,83.39,107.9,83.08,31.19
2014,Guanajuato,,,,0.0,0.69,4.01,9.41,65.17,55.71,61.5,48.56,20.24
2014,Guerrero,,,,0.0,1.6,1.17,5.45,14.06,15.03,20.56,13.25,6.54
2014,Hidalgo,,,,0.0,0.0,1.57,10.66,21.97,37.26,54.27,25.37,14.02
2014,Jalisco,,,,0.0,0.28,1.42,23.14,86.29,71.28,113.16,54.67,31.73
2014,México,,,,0.0,0.0,0.27,4.84,21.95,18.46,31.52,22.43,8.46
2014,Michoacán,,,,0.0,0.0,0.93,13.91,62.19,51.53,49.15,47.29,20.99
2014,Morelos,,,,0.0,1.17,2.32,6.79,23.41,28.52,32.78,25.99,11.66
2014,Nayarit,,,,0.0,3.7,0.0,4.44,11.96,21.0,20.87,13.41,7.12
2014,Nuevo León,,,,0.0,0.0,1.44,9.75,46.79,62.49,90.24,36.68,21.77
2014,Oaxaca,,,,0.0,0.5,0.0,5.72,23.64,28.92,16.66,15.65,8.83
2014,Puebla,,,,0.0,0.0,5.17,10.12,72.31,57.27,61.01,74.86,23.77
2014,Querétaro,,,,0.0,1.07,0.0,15.3,65.85,64.82,75.14,58.96,24.05
2014,Quintana Roo,,,,0.0,0.0,2.76,9.56,40.02,60.56,87.54,67.3,17.91
2014,San Luis Potosí,,,,0.0,0.0,4.03,29.18,85.03,133.8,100.21,84.33,42.47
2014,Sinaloa,,,,0.0,1.47,0.0,23.26,83.37,86.92,75.38,57.56,32.66
2014,Sonora,,,,0.0,0.0,0.0,8.14,37.61,33.24,55.64,27.6,14.07
2014,Tabasco,,,,0.0,0.0,0.0,5.81,24.63,26.61,17.95,19.01,8.67
2014,Tamaulipas,,,,0.0,0.65,2.69,11.94,39.98,44.21,42.44,41.21,18.05
2014,Tlaxcala,,,,0.0,0.0,0.0,6.55,16.27,22.19,44.43,24.14,9.27
2014,Veracruz,,,,0.56,0.27,5.35,38.21,103.95,113.34,139.61,82.7,49.08
2014,Yucatán,,,,0.0,0.0,4.21,19.03,49.62,61.34,74.82,55.47,25.8
2014,Zacatecas,,,,0.0,1.33,1.41,9.83,13.36,32.58,46.34,19.32,11.62
2014,TOTAL GLOBAL,,,,0.07,0.38,1.88,14.3,51.98,58.88,68.47,48.04,22.56
2015,Aguascalientes,,,,0.0,0.0,10.04,40.62,313.0,178.87,226.3,114.59,74.37
2015,Baja California,,,,0.0,0.63,0.0,12.17,47.78,60.02,84.23,46.65,21.17
2015,Baja California Sur,,,,0.0,0.0,2.99,10.59,31.42,56.34,47.86,83.5,19.55
2015,Campeche,,,,0.0,0.0,2.39,39.0,171.34,217.39,353.43,176.49,77.14
2015,Coahuila,,,,0.0,0.0,1.56,17.1,31.04,71.47,81.91,40.33,23.53
2015,Colima,,,,0.0,0.0,6.25,46.84,233.48,198.33,218.52,163.75,80.46
2015,Chiapas,,,,0.0,0.0,0.0,1.79,7.45,12.33,14.89,13.87,3.65
2015,Chihuahua,,,,0.0,0.6,1.89,21.2,64.28,74.56,112.02,80.08,32.68
2015,Distrito Federal,,,,0.0,0.3,1.96,12.54,41.12,51.97,57.17,57.01,24.84
2015,Durango,,,,0.0,0.0,0.0,20.21,71.22,114.68,60.76,105.28,36.2
2015,Guanajuato,,,,0.0,0.35,1.81,8.08,34.82,25.75,46.79,23.84,11.98
2015,Guerrero,,,,1.08,0.54,1.16,3.38,9.53,14.67,18.09,11.53,5.32
2015,Hidalgo,,,,0.0,0.0,2.34,6.94,25.74,33.04,26.98,30.07,12.09
2015,Jalisco,,,,0.0,0.84,1.98,23.09,85.96,82.55,119.5,69.3,35.23
2015,México,,,,0.0,0.13,0.95,5.41,29.37,29.23,48.45,33.47,12.22
2015,Michoacán,,,,0.47,0.0,0.46,14.75,49.3,50.16,56.66,41.45,20.26
2015,Morelos,,,,0.0,1.18,10.38,13.75,40.79,50.19,82.65,61.63,24.55
2015,Nayarit,,,,0.0,0.0,0.0,19.57,31.73,57.37,85.14,67.03,25.1
2015,Nuevo León,,,,0.0,1.86,0.47,12.81,34.53,51.64,68.69,49.33,20.87
2015,Oaxaca,,,,0.51,0.0,0.53,9.58,19.56,34.93,32.33,39.8,13.78
2015,Puebla,,,,0.0,0.0,10.26,11.58,94.79,57.31,56.61,92.15,28.1
2015,Querétaro,,,,0.0,0.0,0.0,17.81,65.0,74.4,81.43,66.43,27.03
2015,Quintana Roo,,,,0.0,0.0,1.36,21.15,53.42,44.7,52.39,80.13,22.29
2015,San Luis Potosí,,,,0.0,0.0,0.0,16.51,77.98,82.41,105.4,84.14,32.23
2015,Sinaloa,,,,0.75,2.21,4.63,32.01,72.38,90.67,116.08,75.69,39.84
2015,Sonora,,,,0.0,0.0,0.8,9.67,29.89,42.17,42.79,35.33,15.49
2015,Tabasco,,,,0.0,0.0,0.92,3.92,18.24,28.48,42.56,22.49,9.05
2015,Tamaulipas,,,,0.0,1.96,2.67,10.43,41.29,57.67,104.96,48.16,22.73
2015,Tlaxcala,,,,0.0,0.0,1.71,5.46,10.48,19.54,15.84,11.71,6.51
2015,Veracruz,,,,0.0,0.0,1.4,17.08,60.69,70.41,70.33,53.14,27.41
2015,Yucatán,,,,0.0,0.0,1.05,8.46,40.0,56.62,48.27,53.53,19.35
2015,Zacatecas,,,,0.0,0.0,0.0,6.34,30.36,32.91,28.47,22.08,11.03
2015,TOTAL GLOBAL,,,,0.09,0.36,2.0,12.9,49.6,54.2,68.05,51.94,21.96
2016,Aguascalientes,,,,0.0,0.0,0.0,65.61,650.08,285.07,216.03,310.86,134.35
2016,Baja California,,,,0.0,0.64,1.26,17.77,65.33,84.22,106.02,80.22,31.11
2016,Baja California Sur,,,,0.0,0.0,0.0,12.65,38.49,113.0,107.74,122.77,31.49
2016,Campeche,,,,0.0,0.0,2.38,26.92,158.31,118.06,199.46,111.55,51.32
2016,Coahuila,,,,0.75,0.0,2.32,16.09,86.23,85.62,80.51,56.33,30.86
2016,Colima,,,,6.4,0.0,0.0,37.47,108.73,194.1,264.23,164.84,70.16
2016,Chiapas,,,,0.0,0.0,1.53,3.9,7.92,12.87,8.58,7.35,4.1
2016,Chihuahua,,,,0.0,3.62,3.74,36.58,88.45,107.9,120.03,82.47,45.58
2016,Ciudad de México,,,,0.62,0.0,2.57,15.57,52.94,58.0,81.92,61.65,30.16
2016,Durango,,,,0.0,0.0,1.24,18.48,44.94,82.96,65.22,55.48,26.59
2016,Guanajuato,,,,0.0,0.0,0.72,7.24,36.14,30.17,27.83,28.34,11.92
2016,Guerrero,,,,0.0,0.0,1.15,2.94,10.39,14.98,19.25,8.45,4.87
2016,Hidalgo,,,,0.0,0.0,1.56,5.31,27.13,19.85,27.79,15.0,8.85
2016,Jalisco,,,,0.0,1.4,2.54,22.57,67.55,64.38,104.32,56.85,30.29
2016,México,,,,0.0,0.13,0.68,5.32,27.46,34.26,45.95,38.8,13.15
2016,Michoacán,,,,0.0,0.0,0.47,15.43,51.85,55.92,63.59,42.57,21.89
2016,Morelos,,,,0.0,0.0,1.15,6.3,31.87,27.84,73.67,21.89,13.48
2016,Nayarit,,,,0.0,0.0,1.86,23.97,80.71,75.35,86.61,77.34,33.57
2016,Nuevo León,,,,0.0,0.0,1.88,14.35,29.43,51.18,52.27,49.97,20.61
2016,Oaxaca,,,,0.0,1.02,1.59,18.93,66.16,60.72,82.7,39.58,25.21
2016,Puebla,,,,0.0,0.0,10.23,8.71,74.82,50.29,85.52,66.07,24.08
2016,Querétaro,,,,0.0,0.0,1.06,32.95,87.77,119.76,122.38,96.49,43.7
2016,Quintana Roo,,,,0.0,0.0,0.0,9.02,59.09,59.68,113.91,48.71,19.44
2016,San Luis Potosí,,,,0.0,0.0,0.0,15.83,49.58,70.59,66.89,49.94,24.31
2016,Sinaloa,,,,0.0,0.74,0.77,21.22,76.79,63.23,87.74,66.93,30.93
2016,Sonora,,,,0.0,0.77,1.59,8.43,35.54,29.07,44.68,27.3,13.67
2016,Tabasco,,,,0.0,0.0,0.0,8.02,21.76,23.79,45.82,32.39,11.31
2016,Tamaulipas,,,,0.0,0.0,0.0,11.8,39.26,34.19,79.41,40.53,18.36
2016,Tlaxcala,,,,0.0,0.0,1.69,9.31,20.29,49.53,55.22,47.66,16.27
2016,Veracruz,,,,0.28,0.0,2.8,15.5,51.51,66.38,74.97,66.25,27.78
2016,Yucatán,,,,0.0,0.0,1.06,11.02,57.32,66.09,67.59,49.34,23.28
2016,Zacatecas,,,,0.0,0.0,1.4,10.04,33.86,41.52,31.36,29.34,14.64
2016,TOTAL GLOBAL,,,,0.11,0.31,1.9,13.88,54.82,56.06,71.02,52.21,23.35
2017,Aguascalientes,,,,0.0,3.23,1.65,17.3,80.56,82.82,70.4,75.68,30.66
2017,Baja California,,,,0.0,0.64,3.11,25.02,71.81,112.67,125.54,92.06,40.11
2017,Baja California Sur,,,,2.83,2.91,0.0,16.13,24.48,56.55,16.88,41.56,18.28
2017,Campeche,,,,0.0,0.0,0.0,7.29,31.32,72.04,85.46,38.81,19.46
2017,Coahuila,,,,0.0,0.0,0.77,18.82,85.94,89.43,145.11,80.76,37.36
2017,Colima,,,,0.0,0.0,0.0,40.19,113.91,190.15,190.87,219.39,73.26
2017,Chiapas,,,,0.0,0.36,0.0,3.95,12.55,19.56,10.99,10.3,5.25
2017,Chihuahua,,,,0.59,1.81,8.67,27.08,93.74,94.59,142.43,101.04,44.48
2017,Ciudad de México,,,,0.0,0.0,1.74,13.2,54.78,62.85,89.06,78.0,32.79
2017,Durango,,,,0.0,0.0,4.94,15.3,65.76,98.09,128.61,55.16,31.95
2017,Guanajuato,,,,0.0,0.36,0.36,4.56,26.98,26.25,26.77,17.41,9.06
2017,Guerrero,,,,0.0,0.55,0.0,2.9,12.23,21.63,40.66,13.77,7.0
2017,Hidalgo,,,,0.0,0.0,2.34,9.18,41.11,37.68,60.87,34.14,16.72
2017,Jalisco,,,,0.0,1.41,1.41,17.21,53.37,61.69,85.98,58.94,26.56
2017,México,,,,0.4,0.0,0.67,5.48,23.84,27.24,40.69,30.2,11.46
2017,Michoacán,,,,0.0,0.94,0.94,12.05,44.93,46.27,39.32,31.92,17.51
2017,Morelos,,,,0.0,0.0,11.59,16.7,105.93,72.5,156.99,83.42,39.43
2017,Nayarit,,,,0.0,0.0,1.85,22.47,88.7,86.96,115.74,74.7,36.13
2017,Nuevo León,,,,0.46,2.3,4.65,14.75,57.23,56.26,83.97,48.45,25.86
2017,Oaxaca,,,,0.0,0.0,2.13,16.36,56.29,64.16,73.38,50.24,24.98
2017,Puebla,,,,0.0,0.33,1.02,4.98,15.3,19.44,17.77,12.98,7.06
2017,Querétaro,,,,0.0,1.07,3.19,23.24,96.98,113.67,137.75,94.05,41.45
2017,Quintana Roo,,,,0.0,0.0,2.68,6.33,26.08,59.08,35.42,51.47,14.35
2017,San Luis Potosí,,,,0.0,0.0,0.8,8.42,40.24,37.63,47.79,40.84,16.07
2017,Sinaloa,,,,0.0,0.74,5.34,22.64,63.64,104.62,128.44,84.77,39.78
2017,Sonora,,,,0.75,0.77,5.52,7.89,38.85,52.98,48.27,40.59,18.59
2017,Tabasco,,,,0.0,0.0,0.0,8.71,26.42,35.31,53.89,19.41,12.73
2017,Tamaulipas,,,,0.0,0.0,1.97,11.03,59.4,69.62,90.02,48.99,26.02
2017,Tlaxcala,,,,0.0,0.0,1.68,7.25,24.59,23.01,52.58,19.76,10.79
2017,Veracruz,,,,0.0,0.0,0.56,13.22,41.29,54.44,74.35,58.6,24.03
2017,Yucatán,,,,0.0,0.0,1.06,13.21,49.57,71.02,98.47,66.41,27.54
2017,Zacatecas,,,,0.0,0.0,0.0,12.02,49.69,29.48,56.65,30.21,16.25
2017,TOTAL GLOBAL,,,,0.13,0.47,1.88,11.96,45.99,54.23,71.77,50.25,21.99
2018,Aguascalientes,,,,0.0,0.0,1.58,18.43,53.88,82.15,141.62,76.15,31.58
2018,Baja California,,,,0.0,0.0,0.0,15.41,65.2,95.42,113.06,78.54,32.59
2018,Baja California Sur,,,,0.0,0.0,3.09,15.87,33.44,47.63,75.16,29.81,19.58
2018,Campeche,,,,0.0,0.0,6.99,30.75,90.27,114.15,144.78,144.58,49.05
2018,Coahuila,,,,0.0,1.49,0.77,16.98,40.13,66.81,72.63,37.38,23.92
2018,Colima,,,,0.0,0.0,6.1,35.38,147.46,198.56,239.11,228.71,78.44
2018,Chiapas,,,,0.0,0.37,0.39,2.94,15.66,15.94,18.46,11.42,5.26
2018,Chihuahua,,,,0.0,1.83,6.28,32.61,99.53,97.82,135.75,108.65,47.21
2018,Ciudad de México,,,,1.0,1.23,2.54,18.05,83.09,85.8,117.34,89.77,44.07
2018,Durango,,,,0.0,1.21,0.0,17.59,101.07,128.9,123.56,125.24,44.98
2018,Guanajuato,,,,1.07,0.36,1.45,8.15,18.36,24.5,32.47,24.51,10.73
2018,Guerrero,,,,0.0,0.0,0.61,3.27,11.77,28.62,25.05,21.85,8.36
2018,Hidalgo,,,,0.0,0.0,0.0,6.67,18.47,23.94,24.94,17.71,9.44
2018,Jalisco,,,,0.0,1.93,5.88,22.39,63.07,72.5,120.55,73.44,33.76
2018,México,,,,0.28,0.41,0.27,7.07,27.0,27.43,37.08,29.27,12.3
2018,Michoacán,,,,0.0,0.0,0.48,13.89,38.02,47.05,48.61,38.37,18.8
2018,Morelos,,,,1.2,0.0,25.54,21.79,120.48,120.18,655.77,206.79,86.67
2018,Nayarit,,,,0.0,0.0,1.91,23.49,80.06,66.88,80.59,90.39,34.11
2018,Nuevo León,,,,0.44,3.92,1.3,11.78,65.24,63.54,81.06,55.77,26.21
2018,Oaxaca,,,,1.03,0.54,1.68,19.73,80.79,62.6,86.66,43.75,28.4
2018,Puebla,,,,0.66,1.66,2.05,8.58,55.22,42.58,44.45,18.37,15.73
2018,Querétaro,,,,0.0,0.0,0.0,29.33,60.29,88.71,95.92,88.71,36.06
2018,Quintana Roo,,,,0.0,1.39,0.0,11.67,70.88,54.55,45.96,49.0,20.01
2018,San Luis Potosí,,,,0.0,0.0,2.43,4.53,32.21,41.64,49.05,23.28,13.43
2018,Sinaloa,,,,0.0,0.74,1.51,26.25,81.59,96.38,127.0,98.47,42.85
2018,Sonora,,,,0.0,1.54,0.0,7.77,34.28,37.86,55.64,35.48,15.89
2018,Tabasco,,,,0.0,0.0,1.84,6.01,24.42,33.41,38.98,30.23,11.93
2018,Tamaulipas,,,,1.93,1.33,0.69,18.12,59.23,87.96,105.18,80.79,34.9
2018,Tlaxcala,,,,0.0,3.29,0.0,15.59,33.03,93.32,88.22,104.32,31.49
2018,Veracruz,,,,0.0,0.28,2.0,13.04,45.48,52.57,60.69,53.96,23.57
2018,Yucatán,,,,0.0,0.0,1.03,14.17,68.75,75.33,98.36,70.49,30.46
2018,Zacatecas,,,,0.0,2.75,0.0,12.98,45.03,41.46,64.39,54.2,20.79
2018,TOTAL GLOBAL,,,,0.31,0.88,2.0,13.77,51.93,58.84,84.41,57.91,25.27
2019,Aguascalientes,,,,0.0,0.0,1.57,30.24,118.77,157.1,164.18,91.61,51.92
2019,Baja California,,,,0.0,0.66,1.94,27.48,112.02,117.3,118.83,128.88,48.43
2019,Baja California Sur,,,,0.0,0.0,3.06,18.05,56.56,67.09,71.03,56.59,26.63
2019,Campeche,,,,0.0,0.0,2.33,19.26,53.94,88.88,108.22,61.86,31.01
2019,Coahuila,,,,0.0,0.0,0.0,15.97,54.94,63.47,86.78,51.96,26.32
2019,Colima,,,,0.0,3.12,0.0,66.4,131.23,226.04,492.58,322.17,112.36
2019,Chiapas,,,,0.0,0.37,0.0,9.74,29.71,34.75,45.36,28.08,12.7
2019,Chihuahua,,,,0.0,1.21,6.89,28.41,96.98,105.24,134.09,130.02,48.9
2019,Ciudad de México,,,,0.34,0.63,2.31,27.17,96.69,94.61,117.94,77.39,48.6
2019,Durango,,,,0.0,0.0,0.0,22.22,100.9,129.96,176.54,123.78,49.32
2019,Guanajuato,,,,0.0,1.08,1.09,7.13,24.79,18.35,25.5,18.0,9.33
2019,Guerrero,,,,0.0,0.0,1.23,4.38,12.56,11.14,22.79,12.3,5.94
2019,Hidalgo,,,,0.0,0.0,0.79,5.97,24.06,27.63,25.63,25.67,11.05
2019,Jalisco,,,,0.0,1.38,1.12,19.69,71.38,64.36,97.71,61.51,30.18
2019,México,,,,0.0,0.14,1.23,7.01,28.25,28.4,40.84,32.29,13.16
2019,Michoacán,,,,0.45,0.0,0.48,12.37,44.42,59.93,79.13,46.27,22.55
2019,Morelos,,,,0.0,0.0,4.67,40.26,19.69,13.74,1493.68,309.54,122.81
2019,Nayarit,,,,0.0,1.86,1.91,25.86,78.0,106.28,159.4,99.62,44.1
2019,Nuevo León,,,,0.44,2.17,3.87,8.8,44.53,50.68,106.62,58.16,23.69
2019,Oaxaca,,,,0.0,0.53,1.13,29.04,115.39,98.61,142.63,79.33,44.63
2019,Puebla,,,,0.66,5.97,6.85,16.37,47.41,36.06,22.24,17.82,17.42
2019,Querétaro,,,,0.0,0.0,0.0,28.5,105.09,111.38,109.67,100.45,43.68
2019,Quintana Roo,,,,0.0,1.38,1.31,16.76,64.14,77.73,77.17,53.62,25.89
2019,San Luis Potosí,,,,0.0,1.56,0.0,11.58,47.45,64.41,79.36,40.48,22.87
2019,Sinaloa,,,,0.0,1.48,3.78,15.84,31.06,47.61,40.74,32.14,19.47
2019,Sonora,,,,0.0,0.0,1.56,8.77,27.22,36.24,44.73,32.2,14.77
2019,Tabasco,,,,0.0,0.0,3.7,10.67,44.88,46.37,58.34,32.42,18.06
2019,Tamaulipas,,,,0.0,2.64,1.37,16.6,58.15,94.29,95.02,101.34,37.26
2019,Tlaxcala,,,,0.0,0.0,0.0,5.61,22.98,35.5,58.79,44.26,14.13
2019,Veracruz,,,,0.0,0.28,1.15,15.87,54.11,60.81,73.19,61.07,27.84
2019,Yucatán,,,,0.0,0.0,1.03,17.4,47.46,95.06,94.62,89.18,34.51
2019,Zacatecas,,,,1.31,0.0,0.0,14.97,54.28,66.89,79.28,27.87,23.2
2019,TOTAL GLOBAL,,,,0.11,0.94,1.86,16.08,55.37,61.11,104.5,61.76,28.21
2020,Aguascalientes,,,,0.0,0.0,0.0,14.21,46.91,46.82,44.12,27.87,18.23
2020,Baja California,,,,0.0,1.31,1.93,23.56,57.61,78.84,93.4,88.08,34.43
2020,Baja California Sur,,,,0.0,0.0,0.0,12.91,19.59,28.31,14.95,42.17,13.77
2020,Campeche,,,,0.0,0.0,0.0,16.39,52.47,86.13,80.57,84.53,30.43
2020,Coahuila,,,,0.73,0.0,0.76,16.05,45.25,45.86,49.87,35.03,20.63
2020,Colima,,,,0.0,3.11,3.06,45.03,188.09,206.45,533.3,502.35,126.88
2020,Chiapas,,,,0.0,0.0,0.39,7.34,17.32,28.05,28.93,25.81,9.7
2020,Chihuahua,,,,0.0,1.21,2.5,18.44,92.35,83.74,71.77,94.16,36.47
2020,Ciudad de México,,,,1.04,1.91,7.94,38.75,120.0,117.04,130.84,94.23,62.35
2020,Durango,,,,0.0,0.0,1.26,8.8,65.54,57.85,128.87,36.25,23.88
2020,Guanajuato,,,,0.36,0.0,1.1,6.02,23.25,18.16,30.87,11.87,8.5
2020,Guerrero,,,,0.0,0.0,0.0,1.32,5.72,6.92,5.91,1.26,2.01
2020,Hidalgo,,,,0.0,0.0,0.0,2.53,12.76,12.2,8.21,9.76,4.73
2020,Jalisco,,,,0.0,0.82,0.56,14.95,56.54,56.87,65.62,53.78,24.56
2020,México,,,,0.7,0.55,0.96,6.78,22.89,24.94,32.99,18.36,10.88
2020,Michoacán,,,,0.0,0.0,1.46,9.91,47.92,43.79,31.1,25.89,16.13
2020,Morelos,,,,0.0,1.18,0.0,26.17,7.45,5.37,935.33,182.15,76.57
2020,Nayarit,,,,0.0,0.0,0.0,20.2,50.81,46.66,61.32,46.32,23.66
2020,Nuevo León,,,,0.0,0.0,4.28,12.47,51.76,47.73,83.12,66.5,25.08
2020,Oaxaca,,,,0.0,1.6,1.7,19.27,63.87,57.21,91.51,38.25,26.54
2020,Puebla,,,,0.0,1.33,1.03,5.04,14.16,16.32,21.43,9.18,6.75
2020,Querétaro,,,,0.0,0.0,0.0,16.86,59.14,92.65,45.74,57.28,28.15
2020,Quintana Roo,,,,1.39,1.37,2.61,10.47,37.44,46.71,72.16,23.93,16.73
2020,San Luis Potosí,,,,0.0,0.0,0.0,8.9,33.37,43.05,41.91,34.65,16.19
2020,Sinaloa,,,,0.76,0.0,2.27,27.14,61.17,72.68,94.24,35.28,31.68
2020,Sonora,,,,1.53,0.0,0.78,12.78,31.78,46.04,36.38,33.98,17.79
2020,Tabasco,,,,0.0,0.0,0.0,8.86,24.24,31.22,47.02,31.02,13.36
2020,Tamaulipas,,,,0.0,0.66,0.69,8.19,23.73,42.55,51.13,45.87,17.37
2020,Tlaxcala,,,,0.0,0.0,0.0,2.78,17.96,28.64,24.03,23.24,8.83
2020,Veracruz,,,,0.28,0.0,2.9,13.77,45.05,67.7,82.68,69.57,29.22
2020,Yucatán,,,,1.09,0.0,0.0,10.71,34.1,29.03,72.89,47.05,18.14
2020,Zacatecas,,,,0.0,0.0,0.0,8.68,25.74,41.84,46.54,27.12,14.58
2020,TOTAL GLOBAL,,,,0.29,0.51,1.6,13.57,44.97,49.99,78.1,49.16,23.05
2021,Aguascalientes,,,,0.0,0.0,0.0,15.82,39.47,50.79,57.45,38.03,20.37
2021,Baja California,,,,0.66,1.95,0.64,19.76,67.19,73.99,87.8,73.74,32.38
2021,Baja California Sur,,,,0.0,6.04,0.0,18.25,68.69,108.71,113.46,72.69,36.8
2021,Campeche,,,,0.0,0.0,2.33,21.7,76.72,73.3,204.34,110.42,41.38
2021,Coahuila,,,,0.0,0.74,1.51,15.07,43.65,46.84,39.89,56.08,22.11
2021,Colima,,,,0.0,3.1,0.0,41.23,207.59,200.15,571.09,424.22,122.36
2021,Chiapas,,,,0.34,0.36,1.95,10.72,36.87,55.88,55.46,51.8,18.55
2021,Chihuahua,,,,0.6,2.41,6.85,27.27,104.3,117.62,93.99,101.67,47.54
2021,Ciudad de México,,,,0.0,0.32,1.2,33.82,131.51,125.76,137.39,101.26,64.02
2021,Durango,,,,0.0,0.0,0.0,13.08,68.12,84.07,160.95,85.48,35.11
2021,Guanajuato,,,,0.0,0.72,3.32,13.19,52.29,40.12,53.36,38.86,19.63
2021,Guerrero,,,,0.0,0.59,0.62,3.0,4.71,10.2,1.44,3.08,3.02
2021,Hidalgo,,,,0.0,0.74,0.0,8.58,26.04,27.28,41.09,23.89,12.89
2021,Jalisco,,,,0.55,3.02,4.48,26.45,100.59,120.23,124.4,96.37,47.39
2021,México,,,,1.55,1.24,0.55,8.21,27.1,33.32,33.58,28.18,14.03
2021,Michoacán,,,,0.0,0.0,0.98,15.38,73.37,56.22,49.58,58.29,25.63
2021,Morelos,,,,0.0,2.37,2.35,38.3,5.88,6.99,772.4,229.96,80.03
2021,Nayarit,,,,0.0,5.45,0.0,23.09,87.18,73.29,105.45,80.32,36.66
2021,Nuevo León,,,,0.0,3.44,2.55,15.01,40.86,41.06,90.23,51.19,23.64
2021,Oaxaca,,,,0.52,0.0,0.57,32.67,105.78,98.02,137.11,72.68,44.9
2021,Puebla,,,,0.33,0.0,1.71,3.03,10.06,10.19,14.32,9.24,4.74
2021,Querétaro,,,,0.0,0.0,0.0,21.13,76.17,87.37,94.35,66.49,33.69
2021,Quintana Roo,,,,0.0,0.0,1.3,10.26,34.39,55.63,101.53,38.1,19.22
2021,San Luis Potosí,,,,0.0,0.78,2.44,8.37,32.95,49.4,61.6,24.48,17.09
2021,Sinaloa,,,,0.76,1.49,0.76,24.38,108.22,129.19,86.47,80.41,46.23
2021,Sonora,,,,0.0,1.52,0.77,13.7,30.22,60.26,41.45,39.4,20.72
2021,Tabasco,,,,0.0,0.91,3.73,12.22,30.73,47.99,23.67,26.49,16.37
2021,Tamaulipas,,,,0.65,0.66,1.37,9.48,25.9,34.02,47.84,47.23,17.24
2021,Tlaxcala,,,,0.0,0.0,0.0,2.29,6.6,11.1,3.83,7.44,3.52
2021,Veracruz,,,,0.28,1.14,2.92,20.7,61.42,95.04,116.92,100.82,42.26
2021,Yucatán,,,,2.18,0.0,0.0,15.87,295.59,71.26,85.66,74.86,48.89
2021,Zacatecas,,,,0.0,0.0,1.45,7.41,29.34,33.63,41.74,24.98,13.29
2021,TOTAL GLOBAL,,,,0.42,1.12,1.73,16.58,61.85,65.74,90.54,64.41,29.85
2022,Aguascalientes,,,,1.54,1.51,1.55,23.18,75.62,95.75,88.01,68.98,35.91
2022,Baja California,,,,0.66,1.3,4.48,36.93,135.36,184.01,224.22,166.95,72.77
2022,Baja California Sur,,,,2.95,0.0,2.97,35.15,111.96,128.26,148.37,110.2,54.13
2022,Campeche,,,,0.0,0.0,0.0,24.41,93.7,114.51,249.69,120.9,51.24
2022,Coahuila,,,,1.45,1.47,2.26,20.42,62.01,65.4,69.09,69.96,31.11
2022,Colima,,,,0.0,0.0,6.11,53.54,207.61,267.58,473.78,378.69,128.58
2022,Chiapas,,,,0.0,1.44,0.78,10.45,31.74,37.74,64.37,43.21,16.01
2022,Chihuahua,,,,0.0,3.62,11.78,27.41,113.99,160.33,185.83,158.18,64.87
2022,Ciudad de México,,,,1.09,0.66,4.57,37.63,119.27,139.59,173.1,141.17,75.52
2022,Durango,,,,0.0,1.19,1.25,16.93,155.52,210.81,406.57,234.71,84.96
2022,Guanajuato,,,,0.36,0.72,4.43,28.84,88.08,119.87,144.43,104.5,47.98
2022,Guerrero,,,,0.0,1.18,2.49,20.82,60.74,61.35,67.47,51.72,27.28
2022,Hidalgo,,,,0.0,0.0,3.11,16.19,65.6,53.08,59.44,57.87,26.66
2022,Jalisco,,,,0.27,2.19,3.08,48.21,157.19,166.42,184.84,177.02,76.3
2022,México,,,,0.28,1.1,1.23,9.98,35.63,36.62,51.5,34.25,17.35
2022,Michoacán,,,,0.0,0.0,0.49,15.71,59.06,65.71,90.15,51.67,27.23
2022,Morelos,,,,0.0,2.38,1.18,29.21,97.33,104.29,370.92,169.75,70.08
2022,Nayarit,,,,0.0,0.0,3.78,30.59,112.7,101.33,134.27,144.46,52.5
2022,Nuevo León,,,,0.0,0.86,3.8,17.63,67.11,80.65,145.64,98.36,39.3
2022,Oaxaca,,,,0.0,1.6,1.13,33.43,98.46,118.74,133.63,84.48,48.81
2022,Puebla,,,,0.0,0.66,2.39,2.81,10.38,15.48,15.4,10.3,5.62
2022,Querétaro,,,,0.0,0.0,1.0,35.83,88.6,114.06,140.85,131.97,51.71
2022,Quintana Roo,,,,0.0,0.0,0.0,14.44,43.9,54.27,88.48,56.65,22.41
2022,San Luis Potosí,,,,0.0,1.58,4.89,16.38,52.2,65.27,76.66,59.38,28.24
2022,Sinaloa,,,,0.77,2.24,6.06,21.03,65.73,109.22,104.27,101.4,43.54
2022,Sonora,,,,0.0,1.52,0.77,20.32,65.52,80.35,115.67,74.49,35.64
2022,Tabasco,,,,1.77,2.73,1.87,16.03,56.69,66.61,84.97,65.86,28.69
2022,Tamaulipas,,,,0.65,1.96,1.36,19.3,65.09,115.35,46.11,91.38,39.46
2022,Tlaxcala,,,,0.0,0.0,1.67,3.18,32.43,39.01,33.06,49.99,14.71
2022,Veracruz,,,,0.85,1.72,3.53,20.1,85.36,114.35,156.39,128.11,52.4
2022,Yucatán,,,,1.09,0.0,4.17,20.38,67.09,89.29,140.01,104.29,41.81
2022,Zacatecas,,,,0.0,0.0,2.9,16.79,79.47,62.17,83.9,64.68,29.98
2022,TOTAL GLOBAL,,,,0.37,1.21,2.83,22.1,77.04,93.81,123.5,96.54,41.86
2023,Aguascalientes,,,,0.0,0.0,4.61,25.5,104.57,104.48,91.51,84.84,41.97
2023,Baja California,,,,0.66,0.65,0.64,15.19,70.73,82.88,90.1,58.87,31.36
2023,Baja California Sur,,,,0.0,5.93,2.94,45.4,238.0,272.08,295.8,202.22,101.35
2023,Campeche,,,,0.0,0.0,2.32,34.89,152.8,128.3,286.89,196.49,71.15
2023,Coahuila,,,,1.44,1.47,1.5,26.72,89.61,117.26,137.7,118.05,50.76
2023,Colima,,,,0.0,3.08,18.29,58.5,279.86,266.68,517.95,482.74,151.68
2023,Chiapas,,,,0.0,1.79,1.16,8.27,19.12,30.36,40.59,35.72,12.28
2023,Chihuahua,,,,1.22,3.02,14.81,39.67,158.99,124.97,190.16,153.62,68.9
2023,Ciudad de México,,,,0.37,1.35,5.57,33.21,122.41,117.64,145.13,115.35,66.34
2023,Durango,,,,0.0,1.18,0.0,32.49,159.34,213.0,370.01,280.23,94.9
2023,Guanajuato,,,,1.45,1.45,3.7,26.92,92.48,100.89,148.73,110.16,46.77
2023,Guerrero,,,,0.0,1.19,0.0,13.48,38.05,55.97,63.31,41.01,21.2
2023,Hidalgo,,,,0.0,0.74,1.55,10.51,48.83,49.43,63.35,63.09,23.85
2023,Jalisco,,,,1.38,2.19,10.05,96.86,298.41,336.6,351.6,299.55,147.48
2023,México,,,,0.85,0.97,2.06,15.39,52.06,55.26,68.68,55.65,26.46
2023,Michoacán,,,,0.0,0.0,0.0,18.37,69.34,78.83,77.65,76.14,32.68
2023,Morelos,,,,0.0,0.0,0.0,16.84,41.75,80.28,134.1,101.52,38.57
2023,Nayarit,,,,0.0,0.0,0.0,13.84,43.48,54.32,43.24,40.11,20.87
2023,Nuevo León,,,,0.0,0.43,0.42,17.91,61.3,69.18,107.89,83.03,34.36
2023,Oaxaca,,,,0.0,2.14,3.96,39.93,112.81,127.76,143.09,90.84,55.07
2023,Puebla,,,,0.67,0.33,0.68,10.68,28.87,30.44,29.14,31.51,14.31
2023,Querétaro,,,,0.0,0.0,0.0,34.55,95.53,114.69,172.33,120.88,52.89
2023,Quintana Roo,,,,0.0,0.0,0.0,11.22,46.14,59.77,90.25,49.08,21.89
2023,San Luis Potosí,,,,0.0,2.38,0.0,9.62,48.57,53.65,47.93,49.65,21.63
2023,Sinaloa,,,,0.0,3.01,5.31,40.51,156.58,172.0,162.47,108.47,69.51
2023,Sonora,,,,0.0,0.0,4.6,19.68,44.14,78.96,112.23,85.93,35.27
2023,Tabasco,,,,0.88,1.82,7.49,21.99,79.5,115.11,285.89,138.51,55.18
2023,Tamaulipas,,,,0.65,1.3,3.39,24.09,74.44,94.29,116.31,90.65,43.13
2023,Tlaxcala,,,,0.0,0.0,0.0,7.66,40.49,41.78,45.91,73.57,20.22
2023,Veracruz,,,,0.86,1.15,2.07,24.36,75.72,123.76,168.53,145.76,57.61
2023,Yucatán,,,,0.0,0.0,1.05,22.63,81.7,92.21,114.94,132.26,46.2
2023,Zacatecas,,,,0.0,1.35,2.89,15.49,57.76,67.66,81.37,54.91,27.86
2023,TOTAL GLOBAL,,,,0.52,1.2,3.13,26.68,91.4,104.92,133.58,107.48,48.22
2024,Aguascalientes,,,,0.0,2.97,5.9,36.48,117.4,123.25,120.86,68.03,48.99
2024,Baja California,,,,0.64,3.05,4.62,35.57,122.04,130.64,151.93,136.47,59.14
2024,Baja California Sur,,,,0.0,0.0,0.0,62.19,148.33,232.22,191.88,221.16,89.46
2024,Campeche,,,,0.0,2.5,10.26,38.33,116.45,163.46,292.34,167.44,74.68
2024,Coahuila,,,,0.0,0.0,2.16,20.34,82.45,89.22,255.09,184.68,55.84
2024,Colima,,,,0.0,0.0,9.6,76.25,252.86,335.19,560.21,520.09,175.0
2024,Chiapas,,,,0.33,1.04,2.27,7.89,26.21,27.84,28.59,20.44,10.58
2024,Chihuahua,,,,0.6,3.55,8.83,50.03,181.11,179.8,186.0,170.89,81.91
2024,Ciudad de México,,,,0.35,1.59,6.65,34.88,139.48,129.04,171.11,127.98,72.27
2024,Durango,,,,0.0,0.0,0.0,28.18,134.92,193.34,313.81,216.0,79.82
2024,Guanajuato,,,,0.36,1.07,1.06,24.39,98.84,106.45,119.1,109.32,45.0
2024,Guerrero,,,,0.59,0.0,0.64,12.36,53.05,51.77,100.9,53.88,24.59
2024,Hidalgo,,,,0.0,0.0,0.0,8.2,21.61,35.49,38.72,24.97,13.5
2024,Jalisco,,,,0.55,3.79,2.69,108.66,335.13,364.73,449.92,315.19,164.08
2024,México,,,,0.28,0.81,2.12,15.14,40.85,53.85,71.39,61.05,25.74
2024,Michoacán,,,,0.91,0.0,0.48,24.32,79.67,90.6,96.68,82.92,38.69
2024,Morelos,,,,0.0,0.0,3.53,18.44,60.88,95.38,153.43,123.15,46.78
2024,Nayarit,,,,0.0,0.0,0.0,12.48,52.47,88.9,80.13,91.26,32.7
2024,Nuevo León,,,,0.41,0.4,3.06,24.23,96.55,109.56,149.09,128.97,50.75
2024,Oaxaca,,,,0.0,0.52,1.65,29.18,90.81,94.8,120.44,76.48,42.38
2024,Puebla,,,,0.0,0.97,0.97,15.28,50.51,48.49,45.78,44.84,21.56
2024,Querétaro,,,,0.0,0.0,0.0,20.27,96.74,111.45,152.46,159.67,49.68
2024,Quintana Roo,,,,0.0,2.43,0.0,16.33,57.09,103.42,109.23,96.78,33.18
2024,San Luis Potosí,,,,0.0,0.79,1.57,23.13,70.09,79.6,60.59,34.83,29.93
2024,Sinaloa,,,,0.78,3.01,5.21,46.59,138.72,178.57,208.32,186.71,81.89
2024,Sonora,,,,0.78,0.77,6.91,31.65,86.67,144.73,189.17,153.14,63.35
2024,Tabasco,,,,1.8,0.0,2.93,20.06,64.09,71.86,123.84,111.69,37.66
2024,Tamaulipas,,,,0.0,1.94,7.84,26.75,87.87,118.12,155.31,135.67,55.47
2024,Tlaxcala,,,,0.0,3.19,0.0,6.74,23.53,26.01,53.85,40.23,13.92
2024,Veracruz,,,,0.3,0.88,0.92,16.67,51.99,71.4,85.66,66.11,32.36
2024,Yucatán,,,,0.0,0.0,0.0,17.42,59.83,90.95,142.99,116.21,41.37
2024,Zacatecas,,,,0.0,0.0,1.4,20.84,51.32,70.85,72.52,73.16,30.61
2024,TOTAL GLOBAL,,,,0.33,1.19,2.71,28.95,96.61,111.77,144.76,115.41,51.33
